{"cameraMode":{"drawMode":0,"name":"Shaded","section":"Shading Mode"},"sceneLighting":false,"audioPlay":false,"sceneViewState":{"m_AlwaysRefresh":false,"showFog":true,"showSkybox":false,"showFlares":true,"showImageEffects":true,"showParticleSystems":true,"showVisualEffectGraphs":true,"m_FxEnabled":true},"in2DMode":false,"pivot":{"x":20.073837280273439,"y":0.6075325012207031,"z":-0.3617420196533203},"rotation":{"x":-0.10213053971529007,"y":-0.003882413264364004,"z":0.00039875603397376835,"w":-0.9947640895843506},"size":5.462995529174805,"orthographic":false}