{"cameraMode":{"drawMode":0,"name":"Shaded","section":"Shading Mode"},"sceneLighting":false,"audioPlay":false,"sceneViewState":{"m_AlwaysRefresh":false,"showFog":true,"showSkybox":false,"showFlares":true,"showImageEffects":true,"showParticleSystems":true,"showVisualEffectGraphs":true,"m_FxEnabled":true},"in2DMode":false,"pivot":{"x":-4.699999809265137,"y":22.899999618530275,"z":0.19999998807907105},"rotation":{"x":0.29342901706695559,"y":0.21968185901641847,"z":-0.06947743147611618,"w":0.9278009533882141},"size":1.1660246849060059,"orthographic":false}