{"cameraMode":{"drawMode":0,"name":"Shaded","section":"Shading Mode"},"sceneLighting":false,"audioPlay":false,"sceneViewState":{"m_AlwaysRefresh":false,"showFog":true,"showSkybox":false,"showFlares":true,"showImageEffects":true,"showParticleSystems":true,"showVisualEffectGraphs":true,"m_FxEnabled":true},"in2DMode":false,"pivot":{"x":-2.1697230339050295,"y":0.9321957230567932,"z":-0.4853616952896118},"rotation":{"x":-0.10213053971529007,"y":-0.003882413264364004,"z":0.00039875603397376835,"w":-0.9947640895843506},"size":1.7880945205688477,"orthographic":false}